<?xml version="1.0" encoding="UTF-8" standalone="no"?>
<!DOCTYPE configuration SYSTEM "../../../../dtds/ActionElementConfiguration.dtd">
<configuration class="com.audium.server.action.counter.CounterAction" serial="0000">
    <setting name="initial">0</setting>
    <setting name="type">increment</setting>
    <setting name="step">1</setting>
    <substitute index="0">
        <data>
            <element name="count_Rx_Tries" variable="count"/>
        </data>
    </substitute>
    <log>
        <custom create="after_exit" name="count">{0}</custom>
    </log>
</configuration>
