<?xml version="1.0" encoding="UTF-8" standalone="no"?>
<!DOCTYPE configuration SYSTEM "../../../../dtds/ActionElementConfiguration.dtd">
<configuration class="com.audium.server.action.database.DatabaseAction" serial="0000">
    <setting name="type">single</setting>
    <setting name="jndiName">customer_db</setting>
    <setting name="query"><![CDATA[/****** Script for SelectTopNRows command from SSMS  ******/
SELECT TOP (1000) [rxnum]
      ,[rxprice] AS price
      ,[rxquantity] AS quantity
      ,[rxpatient] AS patient
      ,[rxdob] AS DOB
  FROM [Customer_DB].[dbo].[rxtable12]
  WHERE rxnum = '{0}']]></setting>
    <setting name="enableXmlResultSet">true</setting>
    <setting name="maxRowsInXML">50</setting>
    <substitute index="0">
        <data>
            <element name="get_RxDigits" variable="value"/>
        </data>
    </substitute>
    <substitute index="1">
        <data>
            <element name="db_RxLookup" variable="xml_resultset"/>
        </data>
    </substitute>
    <new_data>
        <set_element create="before_enter" log="false" name="rxnum" type="string">null</set_element>
        <set_element create="before_enter" log="false" name="price" type="string">null</set_element>
        <set_element create="before_enter" log="false" name="quantity" type="string">null</set_element>
        <set_element create="before_enter" log="false" name="patient" type="string">null</set_element>
        <set_element create="before_enter" log="false" name="DOB" type="string">null</set_element>
    </new_data>
    <log>
        <custom create="after_exit" name="xml_resultset">{1}</custom>
    </log>
</configuration>
