<?xml version="1.0" encoding="UTF-8" standalone="no"?>
<!DOCTYPE configuration SYSTEM "../../../../dtds/VoiceElementConfiguration.dtd">
<configuration class="com.audium.server.voiceElement.internal.CiscoSubdialogReturnElement" serial="0000">
    <setting name="caller_input">error;{0}</setting>
    <setting name="FromExtVXML0">{1}</setting>
    <setting name="FromExtVXML1">{2}</setting>
    <setting name="FromExtVXML2">{3}</setting>
    <setting name="FromExtVXML3">{4};{5} at {6}</setting>
    <substitute index="0">
        <data>
            <session name="CallerInput"/>
        </data>
    </substitute>
    <substitute index="1">
        <data>
            <session name="FromExtVXML0"/>
        </data>
    </substitute>
    <substitute index="2">
        <data>
            <session name="FromExtVXML1"/>
        </data>
    </substitute>
    <substitute index="3">
        <data>
            <session name="FromExtVXML2"/>
        </data>
    </substitute>
    <substitute index="4">
        <data>
            <session name="FromExtVXML3"/>
        </data>
    </substitute>
    <substitute index="5">
        <data>
            <session name="lastException.type"/>
        </data>
    </substitute>
    <substitute index="6">
        <data>
            <session name="lastException.source"/>
        </data>
    </substitute>
</configuration>
