<?xml version="1.0" encoding="UTF-8" standalone="no"?>
<!DOCTYPE configuration SYSTEM "../../../../dtds/VoiceElementConfiguration.dtd">
<configuration class="com.audium.server.voiceElement.digit.MBasicDigit" serial="0000">
    <setting name="inputmode">dtmf</setting>
    <setting name="noinput_timeout">5s</setting>
    <setting name="max_noinput_count">2</setting>
    <setting name="max_nomatch_count">2</setting>
    <setting name="min_digit">4</setting>
    <setting name="max_digit">20</setting>
    <setting name="modal">false</setting>
    <setting name="secure_logging">false</setting>
    <setting name="dtmf_overlay">false</setting>
    <vxml_property name="interdigittimeout">2000ms</vxml_property>
    <vxml_property name="termchar">#</vxml_property>
    <vxml_property name="com.cisco.secureLogging">false</vxml_property>
    <audio_group bargein="true" count="1" name="initial_audio_group">
        <audio name="EnterRxnum.wav" src="EnterRxnum.wav" use_default_path="true"/>
    </audio_group>
    <audio_group bargein="true" count="1" name="nomatch_audio_group">
        <audio name="InvalidEntry.wav" src="InvalidEntry.wav" use_default_path="true"/>
        <audio name="EnterRxnum.wav" src="EnterRxnum.wav" use_default_path="true"/>
    </audio_group>
    <audio_group bargein="true" count="2" name="nomatch_audio_group">
        <audio name="InvalidEntry.wav" src="InvalidEntry.wav" use_default_path="true"/>
    </audio_group>
</configuration>
