<?xml version="1.0" encoding="UTF-8" standalone="no"?>
<!DOCTYPE configuration SYSTEM "../../../../dtds/VoiceElementConfiguration.dtd">
<configuration class="com.audium.server.voiceElement.menu.MFoundation3OptionMenu" serial="0000">
    <setting name="noinput_timeout">4s</setting>
    <setting name="max_noinput_count">3</setting>
    <setting name="max_nomatch_count">3</setting>
    <setting name="confidence_level">0.40</setting>
    <setting name="modal">true</setting>
    <setting name="option1_dtmf">1</setting>
    <setting name="option1_voice">one</setting>
    <setting name="option1_value">Refills</setting>
    <setting name="option2_dtmf">2</setting>
    <setting name="option2_voice">two</setting>
    <setting name="option2_value">Locator</setting>
    <setting name="option3_dtmf">0</setting>
    <setting name="option3_voice">zero</setting>
    <setting name="option3_value">StaffMember</setting>
    <substitute index="0">
        <data>
            <element name="get_MainMenuSelection" variable="value"/>
        </data>
    </substitute>
    <audio_group bargein="true" count="1" name="initial_audio_group">
        <audio name="ForRefills1Loc2Agent0.wav" src="ForRefills1Loc2Agent0.wav" use_default_path="true"/>
    </audio_group>
    <audio_group bargein="true" count="1" name="nomatch_audio_group">
        <audio name="TTS: Apologies, that is not correct. ">Apologies, that is not correct. </audio>
        <audio name="ForRefills1Loc2Agent0.wav" src="ForRefills1Loc2Agent0.wav" use_default_path="true"/>
    </audio_group>
    <audio_group bargein="true" count="3" name="nomatch_audio_group">
        <audio name="TTS: We did not recognize your entry. Please wait for an agent to assist.">We did not recognize your entry. Please wait for an agent to assist.</audio>
    </audio_group>
    <audio_group bargein="true" count="1" language="es-MX" name="initial_audio_group">
        <audio name="ForRefills1Loc2Agent0.wav" src="ForRefills1Loc2Agent0.wav" use_default_path="true"/>
    </audio_group>
    <new_data>
        <set_session create="after_exit" name="FromExtVXML0">{0}</set_session>
    </new_data>
</configuration>
