<?xml version="1.0" encoding="UTF-8" standalone="no"?>
<!DOCTYPE configuration SYSTEM "../../../../dtds/VoiceElementConfiguration.dtd">
<configuration class="com.audium.server.voiceElement.audio.MAudio" serial="0000">
    <audio_group bargein="true" count="1" name="initial_audio_group">
        <audio name="TTS: We apologize that the record was for a different patient. Please wait for an agent to assist.">We apologize that the record was for a different patient. Please wait for an agent to assist.</audio>
    </audio_group>
    <new_data>
        <set_session create="before_enter" name="FromExtVXML3">Rx Found - Incorrect Name</set_session>
    </new_data>
</configuration>
