<?xml version="1.0" encoding="UTF-8" standalone="no"?>
<!DOCTYPE configuration SYSTEM "../../../../dtds/VoiceElementConfiguration.dtd">
<configuration class="com.audium.server.voiceElement.audio.MAudio" serial="0000">
    <audio_group bargein="true" count="1" name="initial_audio_group">
        <audio name="TTS: We apologize, but your prescription was not found.">We apologize, but your prescription was not found.</audio>
    </audio_group>
    <new_data>
        <set_session create="before_enter" name="FromExtVXML3">Rx not found</set_session>
    </new_data>
</configuration>
