<?xml version="1.0" encoding="UTF-8" standalone="no"?>
<!DOCTYPE configuration SYSTEM "../../../../dtds/VoiceElementConfiguration.dtd">
<configuration class="com.audium.server.voiceElement.audio.MAudio" serial="0000">
    <vxml_property name="fetchtimeout">15s</vxml_property>
    <vxml_property name="fetchaudio">http://mediaserver/en-us/app/CCMusic.wav</vxml_property>
    <vxml_property name="fetchaudiodelay">500ms</vxml_property>
    <vxml_property name="fetchaudiominimum">5s</vxml_property>
    <audio_group bargein="true" count="1" name="initial_audio_group">
        <audio name="TTS: Please wait while we determine staff availablity.">Please wait while we determine staff availablity.</audio>
    </audio_group>
</configuration>
