<?xml version="1.0" encoding="UTF-8" standalone="no"?>
<!DOCTYPE configuration SYSTEM "../../../../dtds/VoiceElementConfiguration.dtd">
<configuration class="com.audium.server.voiceElement.audio.MAudio" serial="0000">
    <substitute index="0">
        <data>
            <element name="get_MainMenuSelection" variable="value"/>
        </data>
    </substitute>
    <audio_group bargein="true" count="1" name="initial_audio_group">
        <audio name="YouSelected.wav" src="YouSelected.wav" use_default_path="true"/>
        <audio name="TTS: {Data.Element.get_MainMenuSelection.value}">{0}


</audio>
        <audio name="HoldPassSelection.wav" src="HoldPassSelection.wav" use_default_path="true"/>
    </audio_group>
</configuration>
