<?xml version="1.0" encoding="UTF-8" standalone="no"?>
<!DOCTYPE configuration SYSTEM "../../../../dtds/VoiceElementConfiguration.dtd">
<configuration class="com.audium.server.voiceElement.audio.MAudio" serial="0000">
    <substitute index="0">
        <data>
            <element name="get_RxDigits" variable="value"/>
        </data>
    </substitute>
    <audio_group bargein="true" count="1" name="initial_audio_group">
        <audio name="Hold.wav" src="Hold.wav" use_default_path="true"/>
    </audio_group>
    <new_data>
        <set_session create="before_enter" name="FromExtVXML2">RX={0}</set_session>
    </new_data>
</configuration>
