<?xml version="1.0" encoding="UTF-8" standalone="no"?>
<!DOCTYPE configuration SYSTEM "../../../../dtds/VoiceElementConfiguration.dtd">
<configuration class="com.audium.server.voiceElement.audio.MAudio" serial="0000">
    <substitute index="0">
        <data>
            <session name="FromExtVXML0"/>
        </data>
    </substitute>
    <audio_group bargein="true" count="1" name="initial_audio_group">
        <audio name="TTS: Unfortunately, we are not able to verufy staff availability">Unfortunately, we are not able to verify staff availability</audio>
    </audio_group>
    <new_data>
        <set_session create="before_enter" name="FromExtVXML0">{0};REST Lookup Failed</set_session>
    </new_data>
</configuration>
