<?xml version="1.0" encoding="UTF-8" standalone="no"?>
<!DOCTYPE configuration SYSTEM "../../../../dtds/VoiceElementConfiguration.dtd">
<configuration class="com.audium.server.voiceElement.audio.MAudio" serial="0000">
    <substitute index="0">
        <data>
            <element name="count_Rx_Tries" variable="count"/>
        </data>
    </substitute>
    <audio_group bargein="true" count="1" name="initial_audio_group">
        <audio name="TTS: That was attempt number">That was attempt number</audio>
        <say_it_smart class="com.audium.sayitsmart.plugins.AudiumSayItSmartNumber" format="standard" name="SIS: {Data.Element.count_Rx_Tries.count}">
            <value format="standard">
                <static>{0}</static>
            </value>
            <recorded_audio audio_fileset="standard" audio_type="wav" path="../sys" use_default_path="true"/>
        </say_it_smart>
    </audio_group>
</configuration>
