<?xml version="1.0" encoding="UTF-8" standalone="no"?>
<!DOCTYPE configuration SYSTEM "../../../../dtds/VoiceElementConfiguration.dtd">
<configuration class="com.audium.server.voiceElement.audio.MAudio" serial="0000">
    <substitute index="0">
        <data>
            <element name="db_RxLookup" variable="price"/>
        </data>
    </substitute>
    <substitute index="1">
        <data>
            <element name="db_RxLookup" variable="patient"/>
        </data>
    </substitute>
    <audio_group bargein="true" count="1" name="initial_audio_group">
        <audio name="TTS: The price of the prescription is:">The price of the prescription is:</audio>
        <say_it_smart class="com.audium.sayitsmart.plugins.AudiumSayItSmartCurrency" format="dollars_cents" name="SIS: {Data.Element.db_RxLookup.price}">
            <value format="standard">
                <static>{0}</static>
            </value>
        </say_it_smart>
    </audio_group>
    <new_data>
        <set_session create="before_enter" name="FromExtVXML3">Name={1};Price=${0}</set_session>
    </new_data>
</configuration>
