<?xml version="1.0" encoding="UTF-8" standalone="no"?>
<!DOCTYPE configuration SYSTEM "../../../../dtds/VoiceElementConfiguration.dtd">
<configuration class="com.audium.server.voiceElement.audio.MAudio" serial="0000">
    <substitute index="0">
        <data>
            <session name="state"/>
        </data>
    </substitute>
    <audio_group bargein="true" count="1" name="initial_audio_group">
        <audio name="TTS: You have selected the Student 12 Pharmacy Application.">You have selected the Student 12 Pharmacy Application.</audio>
    </audio_group>
    <new_data>
        <set_session create="before_enter" name="state">{0}</set_session>
        <set_session create="before_enter" name="CallerInput">Pharmacy</set_session>
        <set_session create="before_enter" name="FromExtVXML0">NA</set_session>
        <set_session create="before_enter" name="FromExtVXML1">NA</set_session>
        <set_session create="before_enter" name="FromExtVXML2">NA</set_session>
        <set_session create="before_enter" name="FromExtVXML3">NA</set_session>
    </new_data>
</configuration>
