<?xml version="1.0" encoding="UTF-8" standalone="no"?>
<!DOCTYPE configuration SYSTEM "../../../../dtds/ActionElementConfiguration.dtd">
<configuration class="com.audium.server.action.rest.client.RestClientAction" serial="0000">
    <setting name="EndpointURL">https://finesse.sunsetcc.com/finesse/api/User/9120/Queues</setting>
    <setting name="HTTPMethod">GET</setting>
    <setting name="ignoreCertificateValidation">true</setting>
    <setting name="requireHttpAuthentication">true</setting>
    <setting name="userName">student12</setting>
    <setting name="password">student12</setting>
    <setting name="useProxy">false</setting>
    <setting name="connectTimeout">3000</setting>
    <setting name="readTimeout">5000</setting>
</configuration>
