<?xml version="1.0" encoding="UTF-8" standalone="no"?>
<!DOCTYPE configuration SYSTEM "../../../../dtds/ActionElementConfiguration.dtd">
<configuration class="com.audium.server.action.setvalue.SetValueAction" serial="0000">
    <setting name="local_agentsLoggedOn"><![CDATA[//SetValue Element Parse Rest XML XPath :
importPackage(com.audium.server.cvpUtil);
var xml= {0}
var path = '/Queues/Queue/statistics/agentsLoggedOn'
XpathUtil.eval(xml, path);]]></setting>
    <setting name="local_CallsInQ"><![CDATA[//SetValue Element Parse Rest XML XPath:
importPackage(com.audium.server.cvpUtil);
var xml= {0}
var path = '/Queues/Queue/statistics/callsInQueue'
XpathUtil.eval(xml, path);]]></setting>
    <substitute index="0">
        <data>
            <element name="REST_Queue_Stats" variable="response_body"/>
        </data>
    </substitute>
</configuration>
