<?xml version="1.0" encoding="UTF-8" standalone="no"?>
<!DOCTYPE configuration SYSTEM "../../../../dtds/VoiceElementConfiguration.dtd">
<configuration class="com.audium.server.voiceElement.menu.MYesNoMenu" serial="0000">
    <setting name="inputmode">dtmf</setting>
    <setting name="noinput_timeout">4s</setting>
    <setting name="max_noinput_count">2</setting>
    <setting name="max_nomatch_count">2</setting>
    <setting name="replay">false</setting>
    <setting name="modal">false</setting>
    <substitute index="0">
        <data>
            <element name="db_RxLookup" variable="patient"/>
        </data>
    </substitute>
    <audio_group bargein="true" count="1" name="initial_audio_group">
        <audio name="audio item 1">We found a prescription for patient with last name: {0}

For yes, press 1. For no, press 2.</audio>
    </audio_group>
</configuration>
