<?xml version="1.0" encoding="UTF-8" standalone="no"?>
<!DOCTYPE configuration SYSTEM "../../../../dtds/VoiceElementConfiguration.dtd">
<configuration class="com.audium.server.voiceElement.menu.MYesNoMenu" serial="0000">
    <setting name="inputmode">dtmf</setting>
    <setting name="noinput_timeout">5s</setting>
    <setting name="max_noinput_count">3</setting>
    <setting name="max_nomatch_count">3</setting>
    <setting name="replay">false</setting>
    <setting name="modal">false</setting>
    <substitute index="0">
        <data>
            <element name="get_RxDigits" variable="value"/>
        </data>
    </substitute>
    <audio_group bargein="false" count="1" name="initial_audio_group">
        <audio name="YouEntered.wav" src="YouEntered.wav" use_default_path="true"/>
        <say_it_smart class="com.audium.sayitsmart.plugins.AudiumSayItSmartDigit" format="digits" name="SIS: {Data.Element.get_RxDigits.value}">
            <value format="number">
                <static>{0}</static>
            </value>
            <recorded_audio audio_fileset="standard" audio_type="wav" path="../sys" use_default_path="true"/>
        </say_it_smart>
        <audio name="Yes1No2.wav" src="Yes1No2.wav" use_default_path="true"/>
    </audio_group>
</configuration>
