<?xml version="1.0" encoding="UTF-8" standalone="no"?>
<!DOCTYPE call_flow SYSTEM "../../../../dtds/Callflow_1-1.dtd">
<call_flow first_element="start_Pharmacy12_Ch5_v1" serial="0000" version="1.1">
    <events/>
    <element_def name="start_Pharmacy12_Ch5_v1">
        <voice class="com.audium.server.voiceElement.internal.CiscoSubdialogStartElement">
            <static>start_Pharmacy12_Ch5_v1.xml</static>
        </voice>
        <exit_state name="done">
            <next_element>play_PharmacyName_assignSessionData</next_element>
        </exit_state>
    </element_def>
    <element_def name="play_PharmacyName_assignSessionData">
        <voice class="com.audium.server.voiceElement.audio.MAudio">
            <static>play_PharmacyName_assignSessionData.xml</static>
        </voice>
        <exit_state name="done">
            <next_element>get_LanguagePreference</next_element>
        </exit_state>
    </element_def>
    <element_def name="get_MainMenuSelection">
        <voice class="com.audium.server.voiceElement.menu.MFoundation3OptionMenu">
            <static>get_MainMenuSelection.xml</static>
        </voice>
        <exit_state name="option3">
            <next_element>flag_StaffMember</next_element>
        </exit_state>
        <exit_state name="option1">
            <next_element>flag_Refills</next_element>
        </exit_state>
        <exit_state name="option2">
            <next_element>flag_Locator</next_element>
        </exit_state>
        <exit_state name="max_noinput">
            <next_element>play_Hold</next_element>
        </exit_state>
        <exit_state name="max_nomatch">
            <next_element>play_Hold</next_element>
        </exit_state>
    </element_def>
    <element_def name="play_MenuSelection">
        <voice class="com.audium.server.voiceElement.audio.MAudio">
            <static>play_MenuSelection.xml</static>
        </voice>
        <exit_state name="done">
            <next_element>play_Hold_ReturnToCCE</next_element>
        </exit_state>
    </element_def>
    <element_def name="play_Hold">
        <voice class="com.audium.server.voiceElement.audio.MAudio">
            <static>play_Hold.xml</static>
        </voice>
        <exit_state name="done">
            <next_element>play_Hold_ReturnToCCE</next_element>
        </exit_state>
    </element_def>
    <element_def name="get_LanguagePreference">
        <decision>
            <class src="com.audium.server.voiceElement.CommentedOutElement">
                <static>get_LanguagePreference.xml</static>
            </class>
        </decision>
        <exit_state name="option1">
            <next_element>get_MainMenuSelection</next_element>
        </exit_state>
    </element_def>
    <element_def name="update_Language">
        <action>
            <class src="com.audium.server.action.context.ApplicationModifier">
                <static>update_Language.xml</static>
            </class>
        </action>
        <exit_state name="done">
            <next_element>get_MainMenuSelection</next_element>
        </exit_state>
    </element_def>
    <element_def name="flag_Refills">
        <flag_element/>
        <exit_state name="done">
            <next_element>get_RxDigits</next_element>
        </exit_state>
    </element_def>
    <element_def name="flag_Locator">
        <flag_element/>
        <exit_state name="done">
            <next_element>play_MenuSelection</next_element>
        </exit_state>
    </element_def>
    <element_def name="flag_StaffMember">
        <flag_element/>
        <exit_state name="done">
            <next_element>play_Hold_StaffLookup</next_element>
        </exit_state>
    </element_def>
    <element_def name="get_RxDigits">
        <voice class="com.audium.server.voiceElement.digit.MBasicDigit">
            <static>get_RxDigits.xml</static>
        </voice>
        <exit_state name="max_noinput">
            <next_element>play_Hold_ReturnToCCE</next_element>
        </exit_state>
        <exit_state name="done">
            <next_element>if_Star_Entered</next_element>
        </exit_state>
        <exit_state name="max_nomatch">
            <next_element>play_Hold_ReturnToCCE</next_element>
        </exit_state>
    </element_def>
    <element_def name="if_Star_Entered">
        <decision>
            <class src="com.audium.server.rules.XMLDecision"/>
        </decision>
        <exit_state name="star_True">
            <next_element>play_Star_NotAllowed</next_element>
        </exit_state>
        <exit_state name="star_False">
            <next_element>yn_ConfirmRx</next_element>
        </exit_state>
    </element_def>
    <element_def name="yn_ConfirmRx">
        <voice class="com.audium.server.voiceElement.menu.MYesNoMenu">
            <static>yn_ConfirmRx.xml</static>
        </voice>
        <exit_state name="no">
            <next_element>count_Rx_Tries</next_element>
        </exit_state>
        <exit_state name="max_noinput">
            <next_element>play_Hold_ReturnToCCE</next_element>
        </exit_state>
        <exit_state name="max_nomatch">
            <next_element>play_Hold_ReturnToCCE</next_element>
        </exit_state>
        <exit_state name="yes">
            <next_element>play_Hold_GetRx</next_element>
        </exit_state>
    </element_def>
    <element_def name="play_Hold_GetRx">
        <voice class="com.audium.server.voiceElement.audio.MAudio">
            <static>play_Hold_GetRx.xml</static>
        </voice>
        <exit_state name="done">
            <next_element>play_Hold_DBLookup</next_element>
        </exit_state>
    </element_def>
    <element_def name="count_Rx_Tries">
        <action>
            <class src="com.audium.server.action.counter.CounterAction">
                <static>count_Rx_Tries.xml</static>
            </class>
        </action>
        <exit_state name="done">
            <next_element>play_RxTries_Counter</next_element>
        </exit_state>
    </element_def>
    <element_def name="play_RxTries_Counter">
        <voice class="com.audium.server.voiceElement.audio.MAudio">
            <static>play_RxTries_Counter.xml</static>
        </voice>
        <exit_state name="done">
            <next_element>if_RxTries</next_element>
        </exit_state>
    </element_def>
    <element_def name="if_RxTries">
        <decision>
            <class src="com.audium.server.rules.XMLDecision"/>
        </decision>
        <exit_state name="maxAttempts">
            <next_element>play_Hold_ReturnToCCE</next_element>
        </exit_state>
        <exit_state name="retry_Allowed">
            <next_element>get_RxDigits</next_element>
        </exit_state>
    </element_def>
    <element_def name="play_Star_NotAllowed">
        <voice class="com.audium.server.voiceElement.audio.MAudio">
            <static>play_Star_NotAllowed.xml</static>
        </voice>
        <exit_state name="done">
            <next_element>count_Rx_Tries</next_element>
        </exit_state>
    </element_def>
    <element_def name="play_Hold_DBLookup">
        <voice class="com.audium.server.voiceElement.audio.MAudio">
            <static>play_Hold_DBLookup.xml</static>
        </voice>
        <exit_state name="done">
            <next_element>db_RxLookup</next_element>
        </exit_state>
    </element_def>
    <element_def name="db_RxLookup">
        <action>
            <class src="com.audium.server.action.database.DatabaseAction">
                <static>db_RxLookup.xml</static>
            </class>
        </action>
        <exit_state name="done">
            <next_element>if_Rx_RecordFound</next_element>
        </exit_state>
    </element_def>
    <element_def name="if_Rx_RecordFound">
        <decision>
            <class src="com.audium.server.rules.XMLDecision"/>
        </decision>
        <exit_state name="record_Found">
            <next_element>yn_ConfirmPatientName</next_element>
        </exit_state>
        <exit_state name="no_RecordFound">
            <next_element>play_Rx_NotFound</next_element>
        </exit_state>
    </element_def>
    <element_def name="play_Rx_NotFound">
        <voice class="com.audium.server.voiceElement.audio.MAudio">
            <static>play_Rx_NotFound.xml</static>
        </voice>
        <exit_state name="done">
            <next_element>play_Hold_ReturnToCCE</next_element>
        </exit_state>
    </element_def>
    <element_def name="yn_ConfirmPatientName">
        <voice class="com.audium.server.voiceElement.menu.MYesNoMenu">
            <static>yn_ConfirmPatientName.xml</static>
        </voice>
        <exit_state name="no">
            <next_element>play_Rx_IncorrectName</next_element>
        </exit_state>
        <exit_state name="max_noinput">
            <next_element>play_Rx_IncorrectName</next_element>
        </exit_state>
        <exit_state name="max_nomatch">
            <next_element>play_Rx_IncorrectName</next_element>
        </exit_state>
        <exit_state name="yes">
            <next_element>play_Price</next_element>
        </exit_state>
    </element_def>
    <element_def name="play_Rx_IncorrectName">
        <voice class="com.audium.server.voiceElement.audio.MAudio">
            <static>play_Rx_IncorrectName.xml</static>
        </voice>
        <exit_state name="done">
            <next_element>play_Hold_ReturnToCCE</next_element>
        </exit_state>
    </element_def>
    <element_def name="play_Price">
        <voice class="com.audium.server.voiceElement.audio.MAudio">
            <static>play_Price.xml</static>
        </voice>
        <exit_state name="done">
            <next_element>play_Hold_ReturnToCCE</next_element>
        </exit_state>
    </element_def>
    <element_def name="play_Hold_StaffLookup">
        <voice class="com.audium.server.voiceElement.audio.MAudio">
            <static>play_Hold_StaffLookup.xml</static>
        </voice>
        <exit_state name="done">
            <next_element>REST_Queue_Stats</next_element>
        </exit_state>
    </element_def>
    <element_def name="REST_Queue_Stats">
        <action>
            <class src="com.audium.server.action.rest.client.RestClientAction">
                <static>REST_Queue_Stats.xml</static>
            </class>
        </action>
        <exit_state name="done">
            <next_element>if_Q_StatusCode</next_element>
        </exit_state>
    </element_def>
    <element_def name="if_Q_StatusCode">
        <decision>
            <class src="com.audium.server.rules.XMLDecision"/>
        </decision>
        <exit_state name="200_OK">
            <next_element>set_Q_Info</next_element>
        </exit_state>
        <exit_state name="failure">
            <next_element>play_LookupFailed</next_element>
        </exit_state>
    </element_def>
    <element_def name="play_LookupFailed">
        <voice class="com.audium.server.voiceElement.audio.MAudio">
            <static>play_LookupFailed.xml</static>
        </voice>
        <exit_state name="done">
            <next_element>play_Hold_ReturnToCCE</next_element>
        </exit_state>
    </element_def>
    <element_def name="set_Q_Info">
        <action>
            <class src="com.audium.server.action.setvalue.SetValueAction">
                <static>set_Q_Info.xml</static>
            </class>
        </action>
        <exit_state name="done">
            <next_element>if_AgentsLoggedOn</next_element>
        </exit_state>
    </element_def>
    <element_def name="if_AgentsLoggedOn">
        <decision>
            <class src="com.audium.server.rules.XMLDecision"/>
        </decision>
        <exit_state name="true">
            <next_element>play_CallsInQ</next_element>
        </exit_state>
        <exit_state name="false">
            <next_element>play_NoAgents</next_element>
        </exit_state>
    </element_def>
    <element_def name="play_NoAgents">
        <voice class="com.audium.server.voiceElement.audio.MAudio">
            <static>play_NoAgents.xml</static>
        </voice>
        <exit_state name="done">
            <next_element>play_Hold_ReturnToCCE</next_element>
        </exit_state>
    </element_def>
    <element_def name="play_CallsInQ">
        <voice class="com.audium.server.voiceElement.audio.MAudio">
            <static>play_CallsInQ.xml</static>
        </voice>
        <exit_state name="done">
            <next_element>play_Hold_ReturnToCCE</next_element>
        </exit_state>
    </element_def>
    <element_def name="return_ToCCE">
        <voice class="com.audium.server.voiceElement.internal.CiscoSubdialogReturnElement">
            <static>return_ToCCE.xml</static>
        </voice>
        <exit_state name="done"/>
    </element_def>
    <element_def name="play_Hold_ReturnToCCE">
        <voice class="com.audium.server.voiceElement.audio.MAudio">
            <static>play_Hold_ReturnToCCE.xml</static>
        </voice>
        <exit_state name="done">
            <next_element>return_ToCCE</next_element>
        </exit_state>
    </element_def>
    <element_def name="ErrorElement">
        <voice class="com.audium.server.voiceElement.internal.CiscoSubdialogReturnElement">
            <static>ErrorElement.xml</static>
        </voice>
        <exit_state name="done"/>
    </element_def>
    <element_def name="play_TransferToAgent">
        <voice class="com.audium.server.voiceElement.audio.MAudio">
            <static>play_TransferToAgent.xml</static>
        </voice>
        <exit_state name="done">
            <next_element>return_ToCCE</next_element>
        </exit_state>
    </element_def>
    <hotlink name="hotlink_ToAgent">
        <keypad>
            <inline_component>0</inline_component>
        </keypad>
        <next_element>play_TransferToAgent</next_element>
    </hotlink>
    <error>
        <next_element>ErrorElement</next_element>
    </error>
</call_flow>
